session_id	original_session_id
ses-0cc486c3+8c7b+494d+aa04+b70e2690bcba	ses-0cc486c3-8c7b-494d-aa04-b70e2690bcba
ses-58b1e920+cfc8+467e+b28b+7654a55d0977	ses-58b1e920-cfc8-467e-b28b-7654a55d0977
ses-69a0e953+a643+4f0e+bb26+dc65af3ea7d7	ses-69a0e953-a643-4f0e-bb26-dc65af3ea7d7
ses-72028382+a869+4745+bacf+cb8789e16953	ses-72028382-a869-4745-bacf-cb8789e16953
ses-821f1883+27f3+411d+afd3+fb8241bbc39a	ses-821f1883-27f3-411d-afd3-fb8241bbc39a
ses-86b6ba67+c1db+4333+add0+f8105ea6e363	ses-86b6ba67-c1db-4333-add0-f8105ea6e363
ses-af55d16f+0e31+4073+bdb5+26da54914aa2	ses-af55d16f-0e31-4073-bdb5-26da54914aa2
ses-d2832a38+27f6+452d+91d6+af72d794136c	ses-d2832a38-27f6-452d-91d6-af72d794136c
ses-e9fc0a2d+c69d+44d1+9fa3+314782387cae	ses-e9fc0a2d-c69d-44d1-9fa3-314782387cae
